user_id,heart_rate,bp_sys,bp_dia,sleep_hours,fatigue_level,headache_frequency,physical_activity,screen_time,work_pressure,study_pressure,anxiety_level,mood_swings,concentration_level,stress_level
0,101.0,112.0,400.0,4.0,3.0,0.0,2.0,4.0,2.0,4.0,5.0,2.0,1.0,High Stress
0,110.0,400.0,420.0,4.0,5.0,1.0,0.0,5.0,5.0,6.0,1.0,2.0,1.0,High Stress
1,100.0,300.0,200.0,6.0,2.0,0.0,1.0,6.0,5.0,4.0,1.0,2.0,1.0,High Stress
1,101.0,300.0,400.0,4.0,2.0,0.0,0.0,6.0,4.0,4.0,6.0,7.0,0.0,High Stress
0,4.0,44.0,55.0,2.0,5.0,0.0,22.0,5.0,0.0,2.0,2.0,2.0,8.0,High Stress
2,80.0,101.0,111.0,8.0,22.0,2.0,2.0,1.0,0.0,2.0,1.0,1.0,1.0,High Stress
2,60.0,90.0,60.0,8.0,1.0,0.0,1.0,2.0,1.0,2.0,1.0,1.0,3.0,High Stress
2,120.0,100.0,90.0,10.0,10.0,0.0,10.0,10.0,10.0,10.0,10.0,10.0,10.0,High Stress
2,120.0,100.0,90.0,10.0,10.0,0.0,10.0,10.0,10.0,10.0,10.0,10.0,10.0,High Stress
2,60.0,90.0,60.0,8.0,1.0,0.0,5.0,1.0,2.0,1.0,1.0,1.0,2.0,Medium Stress
2,60.0,90.0,60.0,9.0,1.0,0.0,3.0,1.0,1.0,1.0,1.0,1.0,6.0,Medium Stress
0,60.0,90.0,60.0,9.0,1.0,0.0,4.0,1.0,1.0,1.0,1.0,1.0,8.0,Medium Stress
0,60.0,90.0,60.0,8.0,1.0,0.0,3.0,1.0,1.0,1.0,1.0,1.0,6.0,Low Stress
0,90.0,95.0,70.0,7.0,3.0,0.0,2.0,3.0,3.0,4.0,2.0,3.0,3.0,Low Stress
0,105.0,110.0,85.0,6.0,5.0,0.0,1.0,4.0,5.0,6.0,6.0,4.0,1.0,Medium Stress
1,60.0,100.0,70.0,8.0,2.0,0.0,2.0,4.0,2.0,2.0,3.0,2.0,3.0,Low Stress
1,70.0,90.0,70.0,8.0,2.0,0.0,2.0,4.0,3.0,2.0,2.0,1.0,2.0,Low Stress
1,60.0,90.0,70.0,8.0,3.0,0.0,2.0,4.0,2.0,3.0,3.0,2.0,2.0,Low Stress
1,70.0,90.0,70.0,8.0,2.0,0.0,2.0,4.0,3.0,3.0,4.0,2.0,2.0,Low Stress
1,100.0,100.0,80.0,7.0,5.0,0.0,2.0,8.0,5.0,6.0,3.0,4.0,2.0,Medium Stress
1,60.0,95.0,70.0,8.0,4.0,0.0,1.0,4.0,2.0,2.0,3.0,2.0,4.0,Low Stress
1,60.0,95.0,70.0,8.0,4.0,0.0,1.0,4.0,2.0,2.0,3.0,2.0,4.0,Low Stress
5,80.0,110.0,70.0,6.0,8.0,0.0,4.0,8.0,8.0,8.0,8.0,5.0,4.0,Medium Stress
1,70.0,97.0,75.0,7.0,4.0,0.0,2.0,5.0,4.0,4.0,4.0,2.0,6.0,Low Stress
